{
  "tile": "tile_0648.jpg",
  "embaubas": [],
  "n_candidatos": 101,
  "n_deteccoes": 0,
  "coverage_pct": 6.68489933013916,
  "tempo_s": 0.23850727081298828,
  "memoria_mb": 64.15905952453613,
  "falsos_positivos": [],
  "faltantes": []
}