{
  "tile": "tile_0335.jpg",
  "revisado": false,
  "embaubas": [],
  "n_candidatos": 4,
  "n_deteccoes": 0,
  "coverage_pct": 3.8991451263427734,
  "tempo_s": 0.08867383003234863,
  "memoria_mb": 64.06708717346191
}