{
  "tile": "tile_0113.jpg",
  "revisado": false,
  "embaubas": [],
  "n_candidatos": 0,
  "n_deteccoes": 0,
  "coverage_pct": 0.09925365447998047,
  "tempo_s": 0.07973194122314453,
  "memoria_mb": 60.004831314086914
}