{
  "tile": "tile_0113.jpg",
  "embaubas": [],
  "n_candidatos": 5,
  "n_deteccoes": 0,
  "coverage_pct": 0.09925365447998047,
  "tempo_s": 0.06335282325744629,
  "memoria_mb": 64.00720405578613,
  "falsos_positivos": [],
  "faltantes": []
}