{
  "tile": "tile_0452.jpg",
  "embaubas": [],
  "n_candidatos": 97,
  "n_deteccoes": 0,
  "coverage_pct": 6.711864471435547,
  "tempo_s": 0.19276928901672363,
  "memoria_mb": 64.1561450958252,
  "falsos_positivos": [],
  "faltantes": []
}